[{
    "title": "ITRON MDM",
    "tickets": 18,
    "processes": 3,
    "color": "#da4d2f",
    "healthTrend": {
        "21 Oct": "#da4d2f",
        "20 Oct": "#b7c228",
        "19 Oct": "#65cc20",
        "18 Oct": "#b7c228",
        "17 Oct": "#da4d2f",
        "16 Oct": "#65cc20",
        "15 Oct": "#b7c228",
        "14 Oct": "#b7c228"
    }
}, {
    "title": "FMOS",
    "tickets": 0,
    "processes": 1,
    "color": "#b7c228",
    "healthTrend": {
        "21 Oct": "#da4d2f",
        "20 Oct": "#b7c228",
        "19 Oct": "#65cc20",
        "18 Oct": "#b7c228",
        "17 Oct": "#da4d2f",
        "16 Oct": "#65cc20",
        "15 Oct": "#b7c228",
        "14 Oct": "#b7c228"

    }
}, {
    "title": "APP 3",
    "tickets": 4,
    "processes": 8,
    "color": "#65cc20",
    "healthTrend": {
        "21 Oct": "#da4d2f",
        "20 Oct": "#b7c228",
        "19 Oct": "#65cc20",
        "18 Oct": "#b7c228",
        "17 Oct": "#da4d2f",
        "16 Oct": "#65cc20",
        "15 Oct": "#b7c228",
        "14 Oct": "#b7c228"

    }
}]
