[{
    "Application Alert": {
        "Type": "Application Alert",
        "InternalChartData": [{
            "alertType": " JVM LowHeapFreeMemory",
            "alertCount": {
                "SERVER1": 1,
                "SERVER2": 3,
                "SERVER3": 0,
                "SERVER4": 4

            },
            "color": "#5ec41a",
            "hourlyGraph": {
                "Overall": {
                    "2.00PM": 6,
                    "3.00PM": 6,
                    "4.00PM": 6,
                    "5.00PM": 6,
                    "6.00PM": 6,
                    "7.00PM": 6
                },
                "SERVER1": {
                    "2.00PM": 3,
                    "3.00PM": 7,
                    "4.00PM": 1,
                    "5.00PM": 2,
                    "6.00PM": 6,
                    "7.00PM": 1
                },
                "SERVER2": {
                    "2.00PM": 6,
                    "3.00PM": 5,
                    "4.00PM": 7,
                    "5.00PM": 2,
                    "6.00PM": 9,
                    "7.00PM": 1
                },
                "SERVER3": {
                    "2.00PM": 3,
                    "3.00PM": 6,
                    "4.00PM": 1,
                    "5.00PM": 2,
                    "6.00PM": 6,
                    "7.00PM": 1
                },
                "SERVER4": {
                    "2.00PM": 1,
                    "3.00PM": 5,
                    "4.00PM": 2,
                    "5.00PM": 2,
                    "6.00PM": 3,
                    "7.00PM": 1
                }
            },
            "totalCount": 1,
            "totalAlertString": "Total Alerts"
        }, {
            "alertType": "JVM Hung Thread",
            "alertCount": {
                "SERVER1": 1,
                "SERVER2": 3,
                "SERVER3": 0,
                "SERVER4": 4
            },
            "color": "#cdd92b",
            "hourlyGraph": {
                "Overall": {
                    "2.00PM": 1,
                    "3.00PM": 5,
                    "4.00PM": 3,
                    "5.00PM": 2,
                    "6.00PM": 0,
                    "7.00PM": 4
                },
                "SERVER1": {
                    "2.00PM": 3,
                    "3.00PM": 5,
                    "4.00PM": 0,
                    "5.00PM": 2,
                    "6.00PM": 4,
                    "7.00PM": 1
                },
                "SERVER2": {
                    "2.00PM": 3,
                    "3.00PM": 5,
                    "4.00PM": 0,
                    "5.00PM": 2,
                    "6.00PM": 4,
                    "7.00PM": 1
                },
                "SERVER3": {
                    "2.00PM": 3,
                    "3.00PM": 5,
                    "4.00PM": 0,
                    "5.00PM": 2,
                    "6.00PM": 4,
                    "7.00PM": 1
                },
                "SERVER4": {
                    "2.00PM": 3,
                    "3.00PM": 5,
                    "4.00PM": 0,
                    "5.00PM": 2,
                    "6.00PM": 4,
                    "7.00PM": 1
                }
            },
            "totalCount": 1,
            "totalAlertString": "Total Alerts"
        }, {
            "alertType": "Channel Server Status",
            "alertCount": {
                "SERVER1": 1,
                "SERVER2": 3,
                "SERVER3": 0,
                "SERVER4": 4
            },
            "color": "#da4d2f",
            "hourlyGraph": {
                "Overall": {
                    "2.00PM": 0,
                    "3.00PM": 0,
                    "4.00PM": 0,
                    "5.00PM": 0,
                    "6.00PM": 4,
                    "7.00PM": 1
                },
                "SERVER1": {
                    "2.00PM": 0,
                    "3.00PM": 0,
                    "4.00PM": 0,
                    "5.00PM": 0,
                    "6.00PM": 4,
                    "7.00PM": 1
                },
                "SERVER2": {
                    "2.00PM": 0,
                    "3.00PM": 0,
                    "4.00PM": 0,
                    "5.00PM": 0,
                    "6.00PM": 4,
                    "7.00PM": 1
                },
                "SERVER3": {
                    "2.00PM": 0,
                    "3.00PM": 0,
                    "4.00PM": 0,
                    "5.00PM": 0,
                    "6.00PM": 4,
                    "7.00PM": 1
                },
                "SERVER4": {
                    "2.00PM": 0,
                    "3.00PM": 0,
                    "4.00PM": 0,
                    "5.00PM": 0,
                    "6.00PM": 4,
                    "7.00PM": 1
                }
            },
            "totalCount": 1,
            "totalAlertString": "Total Alerts"
        }, {
            "alertType": "Channel Server Broken",
            "alertCount": {
                "SERVER1": 1,
                "SERVER2": 3,
                "SERVER3": 0,
                "SERVER4": 4
            },
            "color": "#428bca",
            "hourlyGraph": {
                "Overall": {
                    "2.00PM": 0,
                    "3.00PM": 0,
                    "4.00PM": 0,
                    "5.00PM": 0,
                    "6.00PM": 0,
                    "7.00PM": 0
                },
                "SERVER1": {
                    "2.00PM": 0,
                    "3.00PM": 0,
                    "4.00PM": 0,
                    "5.00PM": 0,
                    "6.00PM": 0,
                    "7.00PM": 0
                },
                "SERVER2": {
                    "2.00PM": 0,
                    "3.00PM": 0,
                    "4.00PM": 0,
                    "5.00PM": 0,
                    "6.00PM": 0,
                    "7.00PM": 0
                },
                "SERVER3": {
                    "2.00PM": 0,
                    "3.00PM": 0,
                    "4.00PM": 0,
                    "5.00PM": 0,
                    "6.00PM": 0,
                    "7.00PM": 0
                },
                "SERVER4": {
                    "2.00PM": 0,
                    "3.00PM": 0,
                    "4.00PM": 0,
                    "5.00PM": 0,
                    "6.00PM": 0,
                    "7.00PM": 0
                }
            },
            "totalCount": 1,
            "totalAlertString": "Total Alerts"
        }]
    },
    "GIS": {
        "Type": "Geographic Information System",
        "InternalChartData": [{
            "alertType": "General Status",
            "alertCount": {
                "SERVER1": 1,
                "SERVER2": 3,
                "SERVER3": 0,
                "SERVER4": 4
            },
            "color": "#5ec41a",
            "hourlyGraph": {
                "Overall": {
                    "2.00PM": 0,
                    "3.00PM": 0,
                    "4.00PM": 0,
                    "5.00PM": 0,
                    "6.00PM": 3,
                    "7.00PM": 1
                },
                "SERVER1": {
                    "2.00PM": 0,
                    "3.00PM": 0,
                    "4.00PM": 0,
                    "5.00PM": 0,
                    "6.00PM": 3,
                    "7.00PM": 1
                },
                "SERVER2": {
                    "2.00PM": 0,
                    "3.00PM": 0,
                    "4.00PM": 0,
                    "5.00PM": 0,
                    "6.00PM": 3,
                    "7.00PM": 1
                },
                "SERVER3": {
                    "2.00PM": 0,
                    "3.00PM": 0,
                    "4.00PM": 0,
                    "5.00PM": 0,
                    "6.00PM": 3,
                    "7.00PM": 1
                },
                "SERVER4": {
                    "2.00PM": 0,
                    "3.00PM": 0,
                    "4.00PM": 0,
                    "5.00PM": 0,
                    "6.00PM": 3,
                    "7.00PM": 1
                }
            },
            "totalCount": 1,
            "totalAlertString": "Total Alerts"
        }, {
            "alertType": "Geo Coding Services",
            "color": "#5ec41a",
            "memoryError": "No out of memory error",
            "statusTitle": "STATUS",
            "statusDetail": "Service is up and running"
        }, {
            "alertType": "Routing Services",
            "color": "#FF5733",
            "memoryError": "No out of memory error",
            "statusTitle": "STATUS",
            "statusDetail": "Service is up and running"
        }, {
            "alertType": "Mapping Services",
            "color": "#FFE933",
            "memoryError": "No out of memory error",
            "statusTitle": "STATUS",
            "statusDetail": "Service is up and running"
        }]
    },
    "Other Aplication Alerts": {
        "Type": "Other Aplication Alerts",
        "InternalChartData": [{
            "alertType": "DBAccessTime",
            "alertCount": {
                "SERVER1": 1,
                "SERVER2": 3,
                "SERVER3": 0,
                "SERVER4": 4
            },
            "color": "#5ec41a",
            "hourlyGraph": {
                "Overall": {
                    "2.00PM": 0,
                    "3.00PM": 0,
                    "4.00PM": 0,
                    "5.00PM": 0,
                    "6.00PM": 4,
                    "7.00PM": 1
                },
                "SERVER1": {
                    "2.00PM": 0,
                    "3.00PM": 0,
                    "4.00PM": 0,
                    "5.00PM": 0,
                    "6.00PM": 3,
                    "7.00PM": 1
                },
                "SERVER2": {
                    "2.00PM": 0,
                    "3.00PM": 0,
                    "4.00PM": 0,
                    "5.00PM": 0,
                    "6.00PM": 3,
                    "7.00PM": 1
                },
                "SERVER3": {
                    "2.00PM": 0,
                    "3.00PM": 0,
                    "4.00PM": 0,
                    "5.00PM": 0,
                    "6.00PM": 3,
                    "7.00PM": 1
                },
                "SERVER4": {
                    "2.00PM": 0,
                    "3.00PM": 0,
                    "4.00PM": 0,
                    "5.00PM": 0,
                    "6.00PM": 3,
                    "7.00PM": 1
                }
            },
            "totalCount": 1,
            "totalAlertString": "Total Files Received"
        }, {
            "alertType": "RequestTracker",
            "alertCount": {
                "SERVER1": 1,
                "SERVER2": 3,
                "SERVER3": 0,
                "SERVER4": 4
            },
            "color": "#cdd92b",
            "hourlyGraph": {
                "Overall": {
                    "2.00PM": 0,
                    "3.00PM": 0,
                    "4.00PM": 0,
                    "5.00PM": 0,
                    "6.00PM": 0,
                    "7.00PM": 1
                },
                "SERVER4": {
                    "2.00PM": 0,
                    "3.00PM": 0,
                    "4.00PM": 0,
                    "5.00PM": 0,
                    "6.00PM": 3,
                    "7.00PM": 1
                }
            },
            "totalCount": 1,
            "totalAlertString": "Total Files Received"
        }, {
            "alertType": "DBAdapterTimeout",
            "alertCount": {
                "SERVER1": 1,
                "SERVER2": 3,
                "SERVER3": 0,
                "SERVER4": 4
            },
            "color": "#da4d2f",
            "hourlyGraph": {
                "Overall": {
                    "2.00PM": 0,
                    "3.00PM": 0,
                    "4.00PM": 0,
                    "5.00PM": 0,
                    "6.00PM": 4,
                    "7.00PM": 1
                },
                "SERVER1": {
                    "2.00PM": 0,
                    "3.00PM": 0,
                    "4.00PM": 0,
                    "5.00PM": 0,
                    "6.00PM": 3,
                    "7.00PM": 1
                },
                "SERVER2": {
                    "2.00PM": 0,
                    "3.00PM": 0,
                    "4.00PM": 0,
                    "5.00PM": 0,
                    "6.00PM": 3,
                    "7.00PM": 1
                },
                "SERVER3": {
                    "2.00PM": 0,
                    "3.00PM": 0,
                    "4.00PM": 0,
                    "5.00PM": 0,
                    "6.00PM": 3,
                    "7.00PM": 1
                },
                "SERVER4": {
                    "2.00PM": 0,
                    "3.00PM": 0,
                    "4.00PM": 0,
                    "5.00PM": 0,
                    "6.00PM": 3,
                    "7.00PM": 1
                }
            },
            "totalCount": 1,
            "totalAlertString": "Total Files Received"
        }]
    }
}]
