[{
	"ARI": {
		"Type": "Advanced Reading Inputs",
		"InternalChartData": [{
			"type": "File Count",
			"total": "100",
			"processed": "50"
		}, {
			"type": "Register Readings",
			"total": "8000",
			"processed": "7500"
		}, {
			"type": "Interval Readings",
			"total": "7000",
			"processed": "6500"
		}]
	},
	"BI": {
		"Type": "Billing Import",
		"InternalChartData": [{
				"type": "Resi File Count",
				"total": "0",
				"processed": "9",
				"colorCode": "#5ec41a",
				"inProgress": "12",
				"inError": "?",
				"inWaiting": "?",
				  "labels": ["", "13-Tue", "14-Wed", "15-Thu", "16-Fri", "17-Sat", "18-Sun", "19-Mon"],

                                                "lineData":[[null,92,97,68,43,100,100,54]]
,
				"pointBackgroundColor": [
					[null, "#ff2f40", "#ff2f40", "#000000", "#dafd2f", "#000000", "#dafd2f", "#cdd92b"]
				]
			}, {
				"type": "Resi Meter Count",
				"total": "8000",
				"processed": "7500",
				"colorCode": "#cdd92b",
				"inProgress": "300",
				"inError": "200",
				"filesReceived": "Total Meter Count",
				"labels": ["", "MON", "TUE", "WED", "THU", "FRI", "SAT", "SUN"],
				"lineData": [
					[null, 0, 240, 25, 230, 240, 28, 29]
				],
				"pointBackgroundColor": [
					[null, "#ff2f40", "#ff2f40", "#000000", "#dafd2f", "#000000", "#dafd2f", "#cdd92b"]
				]
			}, {
				"type": "CI File Count",
				"total": "100",
				"processed": "84",
				"colorCode": "#da4d2f",
				"inProgress": "12",
				"inError": "4",
				"inWaiting": "?",
				 "filesReceived": "Total Files Received",
				"labels": ["", "MON", "TUE", "WED", "THU", "FRI", "SAT", "SUN"],
				"lineData": [
					[null, 100, 240, 25, 230, 240, 28, 29]
				],
				"pointBackgroundColor": [
					[null, "#ff2f40", "#ff2f40", "#000000", "#dafd2f", "#000000", "#dafd2f", "#cdd92b"]
				]
			}, {
				"type": "CI Meter Count",
				"total": "8000",
				"processed": "7500",
				"colorCode": "#5ec41a",
				"inProgress": "300",
				"inError": "?",
				 "filesReceived": "Total Meter Count",
				"labels": ["", "MON", "TUE", "WED", "THU", "FRI", "SAT", "SUN"],
				"lineData": [
					[null, 0, 240, 25, 230, 240, 28, 29]
				],
				"pointBackgroundColor": [
					[null, "#ff2f40", "#ff2f40", "#000000", "#dafd2f", "#000000", "#dafd2f", "#cdd92b"]
				]
			},

			{
				"type": "Total Readings",
				"total": "8000",
				"processed": "7500",
				"colorCode": "#cdd92b",
				"inProgress": "300",
				"inError": "70",

                                 "filesReceived": "Total Readings",
				"labels": ["", "MON", "TUE", "WED", "THU", "FRI", "SAT", "SUN"],
				"lineData": [
					[null, 0, 240, 25, 230, 240, 28, 29]
				],
				"pointBackgroundColor": [
					[null, "#ff2f40", "#ff2f40", "#000000", "#dafd2f", "#000000", "#dafd2f", "#cdd92b"]
				]
			}
		]
	},
	 "BE": {
                                "Type": "Billing Export",
                              
                                "NO_DATA" :"Currently there is no data. Kindly refresh the page after sometime !"
                        }
                                                                
                }]
