{
    "labels": ["Jan", "Feb", "Mar", "April", "May", "June", "July"],
    "datasets": [{
        "label": "Server 1",
        "fill": false,
        "lineTension": 0,
        "backgroundColor": "rgba(75,192,192,0.4)",
        "borderColor": "rgba(75,192,192,1)",
        "borderCapStyle": "butt",
        "borderDash": [],
        "borderDashOffset": 0.0,
        "borderJoinStyle": "miter",
        "pointBorderColor": "rgba(75,192,192,1)",
        "pointBackgroundColor": "#fff",
        "pointBorderWidth": 1,
        "pointHoverRadius": 5,
        "pointHoverBackgroundColor": "rgba(75,192,192,1)",
        "pointHoverBorderColor": "rgba(220,220,220,1)",
        "pointHoverBorderWidth": 2,
        "pointRadius": 5,
        "pointHitRadius": 10,
        "data": [65, 59, 80, 81, 56, 55, 40],
        "spanGaps": false
    }, {
        "label": "Server 2",
        "fill": false,
        "lineTension": 0.1,
        "backgroundColor": "rgba(75,192,192,0.4)",
        "borderColor": "rgba(75,192,192,1)",
        "borderCapStyle": "butt",
        "borderDash": [],
        "borderDashOffset": 0.0,
        "borderJoinStyle": "miter",
        "pointBorderColor": "rgba(75,192,192,1)",
        "pointBackgroundColor": "#fff",
        "pointBorderWidth": 1,
        "pointHoverRadius": 5,
        "pointHoverBackgroundColor": "rgba(75,192,192,1)",
        "pointHoverBorderColor": "rgba(220,220,220,1)",
        "pointHoverBorderWidth": 2,
        "pointRadius": 1,
        "pointHitRadius": 10,
        "data": [68, 57, 80, 84, 52, 55, 45],
        "spanGaps": false
    }]
}
